User ID,Time,Code,Finished Votes
154,0:00:05.836924,gl9avorbG1,3
151,0:00:07.443269,k8mepQ6aMy,3
150,0:00:05.148365,WJxboQKegw,3
140,0:17:57.745031,O5xe7LAa7r,150
