User ID,Time,Code,Finished Votes
167,0:00:12.522714,7N1aMQ3aWm,9
160,0:28:48.535059,X46dBLJa79,75
